Hotel_Name,Place,Reviews_Rating,Exp_Rating,Price,Distance_City_Center
Ize Seminyak,Seminyak,8.7,Very Good,₹ 5000 - ₹ 7500,1 km from City Center
Kuta Paradiso Hotel,Kuta,8.6,Very Good,₹ 5000 - ₹ 7500,3 km from City Center
Courtyard By Marriott Bali Seminyak Resort,Seminyak,9.9,Excellent,₹ 10000,1 km from City Center
Montigo Resorts Seminyak,Seminyak,9.7,Excellent,₹ 10000,2 km from City Center
Warwick Ibah Luxury Villas & Spa Ubud,Ubud,9.6,Excellent,₹ 10000,2 km from City Center
Hotel Le Meridien Bali Jimbaran,Jimbaran,9.6,Excellent,₹ 10000,1 km from City Center
Villa Berawa,Kuta,9.5,Excellent,₹ 10000,7 km from City Center
Villa Bugis Seminyak,Seminyak,9.4,Excellent,₹ 10000,nan
Movenpick Resort & Spa Jimbaran Bali,Jimbaran,9.4,Excellent,₹ 10000,1 km from City Center
Villa Casa Del Mar Lembongan,Lembongan,9.4,Excellent,₹ 10000,3 km from City Center
Anantara Resort Seminyak,Seminyak,9.3,Excellent,₹ 10000,1 km from City Center
Grand Inna Bali Beach Hotel Sanur,Sanur,9.3,Excellent,₹ 7500 - ₹ 10000,2 km from City Center
Bali Garden Beach Resort Kuta,Kuta,9.3,Excellent,₹ 5000 - ₹ 7500,2 km from City Center
W Bali Hotel Seminyak,Seminyak,9.3,Excellent,₹ 10000,2 km from City Center
Double Six Luxury Hotel Seminyak,Seminyak,9.3,Excellent,₹ 10000,1 km from City Center
Villa Coco Seminyak,Seminyak,9.3,Excellent,₹ 2500 - ₹ 5000,1 km from City Center
Villa Eight Seminyak,Seminyak,9.3,Excellent,₹ 10000,1 km from City Center
Equilibria Villa Seminyak,Seminyak,9.3,Excellent,₹ 10000,1 km from City Center
Hidden Hills Villa Nusa Dua,Nusa Dua,9.3,Excellent,₹ 10000,13013 km from City Center
Hotel Inaya Putri Bali Nusa Dua,Nusa Dua,9.3,Excellent,₹ 7500 - ₹ 10000,13018 km from City Center
Hidden Hills Villa Nusa Dua,Nusa Dua,9.3,Excellent,₹ 10000,13013 km from City Center
Hotel Inaya Putri Bali Nusa Dua,Nusa Dua,9.3,Excellent,₹ 7500 - ₹ 10000,13018 km from City Center
The Villas Tejakula,Tejakula,9.3,Excellent,₹ 7500 - ₹ 10000,nan
Ayodya Resort Nusa Dua,Nusa Dua,9.3,Excellent,₹ 10000,13018 km from City Center
Discovery Kartika Plaza Hotel Kuta,Kuta,9.2,Excellent,₹ 7500 - ₹ 10000,2 km from City Center
Grand Hyatt Bali,Nusa Dua,9.2,Excellent,₹ 10000,13018 km from City Center
The Zen Villas Sanur,Sanur,9.2,Excellent,₹ 10000,nan
Villa Hanani Kuta,Kuta,9.2,Excellent,₹ 10000,9 km from City Center
Villa Melati Seminyak,Seminyak,9.2,Excellent,₹ 10000,1 km from City Center
The St. Regis Bali Resort Nusa Dua,Nusa Dua,9.2,Excellent,₹ 10000,13019 km from City Center
Vila Lumbung Hotel Seminyak,Seminyak,9.2,Excellent,₹ 5000 - ₹ 7500,2 km from City Center
Villa Uma Sapna Seminyak,Seminyak,9.2,Excellent,₹ 7500 - ₹ 10000,nan
Bali Tropic Resort & Spa Nusa Dua,Nusa Dua,9.2,Excellent,₹ 5000 - ₹ 7500,13016 km from City Center
Alila Hotel Seminyak,Seminyak,9.2,Excellent,₹ 10000,2 km from City Center
Ametis Villa Canggu,Canggu,9.2,Excellent,₹ 10000,nan
The Samaya Ubud Bali Luxurious Private Villas & Spa,Ubud,9.2,Excellent,₹ 10000,3 km from City Center
Udhiana Resort Ubud,Ubud,9.2,Excellent,₹ 10000,1 km from City Center
Villa Mahapala,Sanur,9.2,Excellent,₹ 10000,1 km from City Center
Ziva A Boutique Villa Kuta,Kuta,9.2,Excellent,₹ 10000,5 km from City Center
Novotel Bali Benoa Hotel Kuta,Kuta,9.1,Excellent,₹ 5000 - ₹ 7500,7 km from City Center
Ananda Cottages Ubud,Ubud,9.1,Excellent,₹ 2500 - ₹ 5000,2 km from City Center
The Trans Resort Bali,Kuta,9.1,Excellent,₹ 7500 - ₹ 10000,4 km from City Center
Anulekha Resort And Villa Ubud,Ubud,9.1,Excellent,₹ 2500 - ₹ 5000,7 km from City Center
Ayana Resort And Spa Jimbaran,Jimbaran,9.1,Excellent,₹ 10000,2 km from City Center
Eden Hotel Kuta,Kuta,9.0,Excellent,₹ 1000 - ₹ 2500,2 km from City Center
Peppers Hotel Seminyak,Seminyak,9.0,Excellent,₹ 10000,2 km from City Center
The Royal Beach Seminyak Bali   Mgallery Collection,Seminyak,9.0,Excellent,₹ 10000,1 km from City Center
Hotel Indigo Bali Seminyak Beach,Seminyak,9.0,Excellent,₹ 10000,nan
Padma Resort Legian,Legian,9.0,Excellent,₹ 10000,1 km from City Center
The Kings Villa Bali,Bali,9.0,Excellent,₹ 5000 - ₹ 7500,6 km from City Center
Uppala Villa & Spa Seminyak,Seminyak,9.0,Excellent,₹ 5000 - ₹ 7500,2 km from City Center
Vasanti Kuta Hotel,Kuta,9.0,Excellent,₹ 5000 - ₹ 7500,3 km from City Center
Hotel Radisson Blu Bali Uluwatu,Uluwatu,9.0,Excellent,₹ 10000,nan
Como Uma Canggu,Canggu,9.0,Excellent,₹ 7500 - ₹ 10000,2 km from City Center
The Pandan Tree Villas,Canggu,9.0,Excellent,₹ 7500 - ₹ 10000,1 km from City Center
The Widyas Bali Villas,Kuta,9.0,Excellent,₹ 7500 - ₹ 10000,7 km from City Center
Puri Pandawa Resort Uluwatu,Uluwatu,9.0,Excellent,₹ 7500 - ₹ 10000,nan
Melia Bali Hotel Nusa Dua,Nusa Dua,8.9,Very Good,₹ 5000 - ₹ 7500,13018 km from City Center
Hard Rock Hotel Bali Kuta,Kuta,8.9,Very Good,₹ 10000,1 km from City Center
Chapung Se Bali Resort And Spa Ubud,Ubud,8.9,Very Good,₹ 10000,3 km from City Center
Abia Villa Legian,Legian,8.9,Very Good,₹ 10000,nan
My Villas In Bali Seminyak,Seminyak,8.9,Very Good,₹ 10000,nan
Bali Emerald Villas Sanur,Sanur,8.9,Very Good,₹ 7500 - ₹ 10000,nan
Four Seasons Resort Bali At Jimbaran Bay,Jimbaran,8.9,Very Good,₹ 10000,1 km from City Center
Bali Rich Luxury Villas & Spa Seminyak,Seminyak,8.8,Very Good,₹ 5000 - ₹ 7500,1 km from City Center
Samaja Beachside Villas Seminyak,Seminyak,8.8,Very Good,₹ 7500 - ₹ 10000,1 km from City Center
Villa Tulip Sanur,Sanur,8.8,Very Good,₹ 10000,1 km from City Center
Villa Bali Asri Batubelig Kerobokan,Kerobokan,8.8,Very Good,₹ 7500 - ₹ 10000,nan
Alam Bidadari Hotel Seminyak,Seminyak,8.8,Very Good,₹ 5000 - ₹ 7500,1 km from City Center
Astagina Resort Villa And Spa Legian,Legian,8.8,Very Good,₹ 2500 - ₹ 5000,1 km from City Center
Bali Dynasty Resort Kuta,Kuta,8.8,Very Good,₹ 5000 - ₹ 7500,2 km from City Center
Bermimpi Bali Villas,Seminyak,8.8,Very Good,₹ 10000,1 km from City Center
Como Uma Ubud,Ubud,8.8,Very Good,₹ 10000,2 km from City Center
Conrad Hotel Kuta,Kuta,8.8,Very Good,₹ 10000,8 km from City Center
The Kayana Seminyak Bali Hotel Kuta,Kuta,8.8,Very Good,₹ 10000,5 km from City Center
The Lokha Hotel Ubud,Ubud,8.8,Very Good,₹ 5000 - ₹ 7500,1 km from City Center
The Oberoi,Seminyak,8.8,Very Good,₹ 10000,1 km from City Center
"The Ritz Carlton, Bali Nusa Dua",Nusa Dua,8.8,Very Good,₹ 10000,13020 km from City Center
The Club Villas Seminyak,Seminyak,8.8,Very Good,₹ 10000,1 km from City Center
Villa Bali Asri Seminyak,Seminyak,8.8,Very Good,₹ 10000,1 km from City Center
Villa Santai Bali Ubud,Ubud,8.8,Very Good,₹ 10000,1 km from City Center
Villa Frangipani Seminyak,Seminyak,8.8,Very Good,₹ 10000,2 km from City Center
Villa Sonia Ubud,Ubud,8.8,Very Good,₹ 1000 - ₹ 2500,3 km from City Center
Sudamala Suites & Villas Sanur,Sanur,8.8,Very Good,₹ 5000 - ₹ 7500,2 km from City Center
Adhi Jaya Hotel Kuta,Kuta,8.8,Very Good,₹ 2500 - ₹ 5000,2 km from City Center
Kamandalu Hotel Ubud,Ubud,8.8,Very Good,₹ 10000,1 km from City Center
Villa Amalia Legian,Legian,8.8,Very Good,₹ 10000,1 km from City Center
Blue Karma Ubud,Ubud,8.8,Very Good,₹ 10000,3 km from City Center
New Pondok Sara Villas,Kuta,8.8,Very Good,₹ 7500 - ₹ 10000,3 km from City Center
The Seri Villas,Kuta,8.8,Very Good,₹ 10000,5 km from City Center
The Royal Santrian Luxury Beach Villas,Kuta,8.7,Very Good,₹ 10000,10 km from City Center
Aria Villas Ubud,Ubud,8.7,Very Good,₹ 10000,1 km from City Center
Sienna Villas   Luxury Bali Pool Villas Seminyak,Seminyak,8.7,Very Good,₹ 10000,nan
Bisma Eight Hotel Ubud,Ubud,8.7,Very Good,₹ 10000,2 km from City Center
Ajanta Villa Sanur,Sanur,8.7,Very Good,₹ 5000 - ₹ 7500,1 km from City Center
Legian Beach Hotel,Legian,8.7,Very Good,₹ 5000 - ₹ 7500,1 km from City Center
The Kayon Resort Ubud By Pramana,Ubud,8.7,Very Good,₹ 10000,4 km from City Center
Komaneka At Bisma Hotel Ubud,Ubud,8.7,Very Good,₹ 10000,2 km from City Center
Mayaloka Villas Seminyak,Seminyak,8.7,Very Good,₹ 10000,2 km from City Center
Pelangi Bali Hotel & Spa Seminyak,Seminyak,8.7,Very Good,₹ 5000 - ₹ 7500,1 km from City Center
Karma Kandara Hotel Kuta,Kuta,8.7,Very Good,₹ 10000,14 km from City Center
Swiss Belresort Pecatu Resort Uluwatu,Uluwatu,8.7,Very Good,₹ 7500 - ₹ 10000,nan
Inter Continental Bali Resort Jimbaran,Jimbaran,8.7,Very Good,₹ 10000,2 km from City Center
The Buah Bali Villas Kuta,Kuta,8.7,Very Good,₹ 10000,6 km from City Center
Villa Harmony Seminyak,Seminyak,8.7,Very Good,₹ 1000 - ₹ 2500,3 km from City Center
Parigata Villas Resort Sanur,Sanur,8.7,Very Good,₹ 7500 - ₹ 10000,1 km from City Center
Bali Paragon Resort Hotel Jimbaran,Jimbaran,8.7,Very Good,₹ 7500 - ₹ 10000,2 km from City Center
Alindra Villa Jimbaran,Jimbaran,8.6,Very Good,₹ 2500 - ₹ 5000,6 km from City Center
Honai Resort Ubud,Ubud,8.6,Very Good,₹ 5000 - ₹ 7500,1 km from City Center
Jas Green Villas & Spa Seminyak,Seminyak,8.6,Very Good,₹ 5000 - ₹ 7500,1 km from City Center
Honai Resort Ubud,Ubud,8.6,Very Good,₹ 5000 - ₹ 7500,1 km from City Center
Komaneka At Tanggayuda Hotel Ubud,Ubud,8.6,Very Good,₹ 10000,5 km from City Center
The Royal Pita Maha Hotel Ubud,Ubud,8.6,Very Good,₹ 10000,3 km from City Center
Samaja Villas Kunti Seminyak,Seminyak,8.6,Very Good,₹ 10000,1 km from City Center
Le Jardin Boutique Villa,Seminyak,8.6,Very Good,₹ 10000,1 km from City Center
Mahala Hasa Villa Seminyak,Seminyak,8.6,Very Good,₹ 5000 - ₹ 7500,2 km from City Center
Grand Zuri Hotels Kuta,Kuta,8.6,Very Good,₹ 2500 - ₹ 5000,1 km from City Center
Puri Santrian Resort Sanur,Sanur,8.6,Very Good,₹ 7500 - ₹ 10000,1 km from City Center
Bali Agung Village Villa Seminyak,Seminyak,8.5,Very Good,₹ 2500 - ₹ 5000,1 km from City Center
Dampati Villas Sanur,Sanur,8.5,Very Good,₹ 5000 - ₹ 7500,1 km from City Center
Ellora Villas Sanur,Sanur,8.5,Very Good,₹ 10000,1 km from City Center
Amatara Abirama Villas Ubud,Ubud,8.5,Very Good,₹ 2500 - ₹ 5000,3 km from City Center
Villa Anggrek,Kuta,8.5,Very Good,₹ 10000,4 km from City Center
Grand Ixora Kuta Resort,Kuta,8.5,Very Good,₹ 1000 - ₹ 2500,2 km from City Center
Sadara Boutique Beach Resort Nusa Dua,Nusa Dua,8.5,Very Good,₹ 5000 - ₹ 7500,13017 km from City Center
Alam Puisi Villa Ubud,Ubud,8.5,Very Good,₹ 2500 - ₹ 5000,1 km from City Center
Alam Kulkul Boutique Resort Kuta,Legian,8.5,Very Good,₹ 5000 - ₹ 7500,1 km from City Center
Harris Hotel Seminyak,Seminyak,8.5,Very Good,₹ 1000 - ₹ 2500,1 km from City Center
The Bali Dream Villa & Resort Echo Beach Canggu,Bali,8.5,Very Good,₹ 7500 - ₹ 10000,1 km from City Center
Taman Sari Bali Villa,Seminyak,8.5,Very Good,₹ 7500 - ₹ 10000,1 km from City Center
Ramada Encore By Wyndham Bali Seminyak,Seminyak,8.5,Very Good,₹ 2500 - ₹ 5000,1 km from City Center
Alma Villa Seminyak,Seminyak,8.5,Very Good,₹ 10000,2 km from City Center
Garden Bay View Villas Nusa Dua,Nusa Dua,8.5,Very Good,₹ 5000 - ₹ 7500,13015 km from City Center
The Haven Bali Hotel Seminyak,Seminyak,8.5,Very Good,₹ 1000 - ₹ 2500,1 km from City Center
The Damai,Blok Lovina,8.4,Very Good,₹ 10000,56 km from City Center
Natya Resort Ubud,Ubud,8.4,Very Good,₹ 10000,3 km from City Center
The Jayakarta Hotel Legian,Legian,8.4,Very Good,₹ 5000 - ₹ 7500,1 km from City Center
Sri Ratih Cottages Ubud,Ubud,8.4,Very Good,₹ 2500 - ₹ 5000,2 km from City Center
Destiny Boutique Hotel Seminyak,Seminyak,8.4,Very Good,₹ 2500 - ₹ 5000,1 km from City Center
Amadea Resort & Villas Seminyak,Seminyak,8.4,Very Good,₹ 7500 - ₹ 10000,1 km from City Center
Besakih Beach Hotel Sanur,Sanur,8.4,Very Good,₹ 2500 - ₹ 5000,1 km from City Center
Pita Maha Resort & Spa Ubud,Ubud,8.4,Very Good,₹ 10000,2 km from City Center
Klumpu Bali Resort Sanur,Sanur,8.4,Very Good,₹ 10000,nan
Bali Backpackers Inn & Hostel,Ubud,8.4,Very Good,₹ 2500 - ₹ 5000,2 km from City Center
Tandjung Sari Hotel Sanur,Sanur,8.4,Very Good,₹ 10000,1 km from City Center
The Breezes Bali Resort & Spa Seminyak,Seminyak,8.4,Very Good,₹ 10000,1 km from City Center
Puri Saron Hotel Seminyak,Seminyak,8.4,Very Good,₹ 5000 - ₹ 7500,1 km from City Center
Rama Residence Padma Legian,Legian,8.4,Very Good,₹ 5000 - ₹ 7500,1 km from City Center
Swiss Belresort Watu Jimbar Sanur,Sanur,8.3,Very Good,₹ 5000 - ₹ 7500,nan
The Bene Hotel Kuta,Kuta,8.3,Very Good,₹ 2500 - ₹ 5000,1 km from City Center
Kejora Suites Hotel Sanur,Sanur,8.3,Very Good,₹ 2500 - ₹ 5000,1 km from City Center
Coral View Villas Amed Beach,Amed Beach,8.3,Very Good,₹ 2500 - ₹ 5000,nan
Kiss Bali Villas Kuta,Kuta,8.3,Very Good,₹ 10000,6 km from City Center
The Damai Hotel Seminyak,Seminyak,8.3,Very Good,₹ 10000,1 km from City Center
Four Points By Sheraton Bali Hotel Kuta,Kuta,8.3,Very Good,₹ 2500 - ₹ 5000,1 km from City Center
Freedom Villa Bali Seminyak,Kuta,8.3,Very Good,₹ 10000,5 km from City Center
Black Penny Villas Ubud,Ubud,8.3,Very Good,₹ 2500 - ₹ 5000,88 km from City Center
Koa D Surfer Hotel Canggu,Canggu,8.3,Very Good,₹ 2500 - ₹ 5000,2 km from City Center
Lv8 Resort Hotel Canggu,Canggu,8.3,Very Good,₹ 7500 - ₹ 10000,1 km from City Center
Temuku Villas Ubud,Ubud,8.3,Very Good,₹ 7500 - ₹ 10000,2 km from City Center
La Villais Kamojang Seminyak,Seminyak,8.3,Very Good,₹ 2500 - ₹ 5000,1 km from City Center
Hotel Tjampuhan Spa Ubud,Ubud,8.3,Very Good,₹ 7500 - ₹ 10000,2 km from City Center
Komaneka At Rasa Sayang Hotel Ubud,Ubud,8.3,Very Good,₹ 2500 - ₹ 5000,2 km from City Center
Villa Gardenia Seminyak,Seminyak,8.3,Very Good,₹ 10000,nan
Dragonfly Village Hotel Ubud,Ubud,8.3,Very Good,₹ 2500 - ₹ 5000,1 km from City Center
Kembali Villas Seminyak,Seminyak,8.3,Very Good,₹ 10000,1 km from City Center
Kawung Villa Canggu,Canggu,8.3,Very Good,₹ 10000,1 km from City Center
Klapa Resort Kuta,Kuta,8.3,Very Good,₹ 5000 - ₹ 7500,12 km from City Center
Amore Villas Canggu,Canggu,8.3,Very Good,₹ 5000 - ₹ 7500,2 km from City Center
Ecosfera Hotel Canggu,Canggu,8.3,Very Good,₹ 2500 - ₹ 5000,1 km from City Center
Seminyak Paradiso Hotel Bali,Seminyak,8.2,Very Good,₹ 1000 - ₹ 2500,1 km from City Center
Duyung Homestay Hotel Sanur,Sanur,8.2,Very Good,₹ 1000 - ₹ 2500,1 km from City Center
Grand Barong Resort Kuta,Kuta,8.2,Very Good,₹ 2500 - ₹ 5000,1 km from City Center
Kutabex Beach Front Hotel,Kuta,8.2,Very Good,₹ 2500 - ₹ 5000,1 km from City Center
Samana Villa Kuta,Legian,8.2,Very Good,₹ 10000,nan
Villa Kanti Ubud Bali,Ubud,8.2,Very Good,₹ 2500 - ₹ 5000,8 km from City Center
Santai Hotel Sanur,Sanur,8.2,Very Good,₹ 2500 - ₹ 5000,60 km from City Center
Segara Village Hotel Sanur,Sanur,8.2,Very Good,₹ 7500 - ₹ 10000,1 km from City Center
Kusuma Resort Seminyak,Seminyak,8.2,Very Good,₹ 2500 - ₹ 5000,1 km from City Center
Alizee Villa Seminyak,Seminyak,8.2,Very Good,₹ 7500 - ₹ 10000,1 km from City Center
Ap Suite & Apartment Kuta,Kuta,8.1,Very Good,₹ 1000 - ₹ 2500,1 km from City Center
Legong Keraton Beach Hotel Kuta,Kuta,8.1,Very Good,₹ 2500 - ₹ 5000,8 km from City Center
Puri Mango Hotel Sanur,Sanur,8.1,Very Good,₹ 2500 - ₹ 5000,1 km from City Center
Hotel Respati Sanur,Sanur,8.1,Very Good,₹ 2500 - ₹ 5000,1 km from City Center
Peneeda View Beach Hotel Sanur,Sanur,8.1,Very Good,₹ 2500 - ₹ 5000,nan
Hidden Paradise Cottages Kuta,Kuta,8.1,Very Good,₹ 2500 - ₹ 5000,68 km from City Center
Kecapi Villa Seminyak,Seminyak,8.1,Very Good,₹ 10000,2 km from City Center
Harris Hotel Tuban Kuta,Kuta,8.1,Very Good,₹ 1000 - ₹ 2500,3 km from City Center
Swiss Belhotel Tuban,Kuta,8.0,Very Good,₹ 1000 - ₹ 2500,10195 km from City Center
Swiss Belhotel Rainforest Kutta,Kuta,8.0,Very Good,₹ 2500 - ₹ 5000,2 km from City Center
Holiday Inn Express Baruna Bali,Kuta,8.0,Very Good,₹ 5000 - ₹ 7500,3 km from City Center
Marbella Pool Suites Seminyak,Seminyak,8.0,Very Good,₹ 5000 - ₹ 7500,31 km from City Center
Ramada By Wyndham Bali Sunset Road Kuta,Kuta,8.0,Very Good,₹ 1000 - ₹ 2500,1 km from City Center
Hotel Satriya Cottages Kuta,Kuta,8.0,Very Good,₹ 2500 - ₹ 5000,1 km from City Center
Pertiwi Resort & Spa Ubud,Ubud,8.0,Very Good,₹ 2500 - ₹ 5000,2 km from City Center
Villa Flores Seminyak,Seminyak,8.0,Very Good,₹ 10000,1 km from City Center
Sri Bungalows Ubud,Ubud,8.0,Very Good,₹ 2500 - ₹ 5000,2 km from City Center
Kuta Central Park Hotel,Kuta,8.0,Very Good,₹ 5000 - ₹ 7500,34 km from City Center
Best Western Resort Kuta,Kuta,8.0,Very Good,₹ 5000 - ₹ 7500,34 km from City Center
Bedrock Hotel Kuta Bali,Kuta,8.0,Very Good,₹ 5000 - ₹ 7500,12 km from City Center
Bedrock Hotel Kuta Bali,Kuta,8.0,Very Good,₹ 5000 - ₹ 7500,12 km from City Center
Fontana Hotel Bali,Kuta,8.0,Very Good,₹ 5000 - ₹ 7500,34 km from City Center
Ubud Heaven Sayan Villas Bali,Ubud,8.0,Very Good,₹ 5000 - ₹ 7500,1 km from City Center
Manyi Village Hotel Ubud,Ubud,8.0,Very Good,₹ 2500 - ₹ 5000,1 km from City Center
Gino Feruci Villa & Spa Ubud,Ubud,8.0,Very Good,₹ 7500 - ₹ 10000,2 km from City Center
Vrindavan Ubud Villa,Ubud,8.0,Very Good,₹ 5000 - ₹ 7500,6 km from City Center
Sandat Glamping Tents Ubud,Ubud,8.0,Very Good,₹ 10000,2 km from City Center
Hotel Matahari Bungalow Kuta,Kuta,8.0,Very Good,₹ 1000 - ₹ 2500,1 km from City Center
Sania's House Bungalow Ubud,Ubud,8.0,Very Good,₹ 2500 - ₹ 5000,1 km from City Center
Puri Kelapa Garden Cottages Sanur,Sanur,7.9,Good,₹ 2500 - ₹ 5000,1 km from City Center
Astana Batubelig Villa Seminyak,Seminyak,7.9,Good,₹ 2500 - ₹ 5000,3 km from City Center
Grandmas Plus Hotel Seminyak,Seminyak,7.9,Good,₹ 1000 - ₹ 2500,1 km from City Center
Ananda Resort Seminyak,Seminyak,7.9,Good,₹ 1000 - ₹ 2500,1 km from City Center
Kakul Villa Ubud,Ubud,7.9,Good,₹ 7500 - ₹ 10000,5 km from City Center
Swastika Bungalows Hotel Sanur,Sanur,7.8,Good,₹ 2500 - ₹ 5000,nan
The Kampung Hotel Ubud,Ubud,7.8,Good,₹ 10000,47 km from City Center
Bali Breezz Hotel Jimbaran,Jimbaran,7.7,Good,₹ 1000 - ₹ 2500,3 km from City Center
Bakung Sari Resort Kuta,Kuta,7.7,Good,₹ 1000 - ₹ 2500,2 km from City Center
Villa Puri Ayu Seminyak,Seminyak,7.7,Good,₹ 2500 - ₹ 5000,10 km from City Center
Green Spirit Villa Ubud,Ubud,7.6,Good,₹ 2500 - ₹ 5000,3 km from City Center
Nicks Pension Hotel Ubud,Ubud,7.6,Good,₹ 1000 - ₹ 2500,1 km from City Center
Bambu Indah Resort,Ubud,7.6,Good,₹ 5000 - ₹ 7500,1 km from City Center
Alam Puri Art Museum Villa Denpasar,Denpasar,7.5,Good,₹ 2500 - ₹ 5000,5 km from City Center
Pink Coco Bali,Uluwatu,7.3,Good,₹ 5000 - ₹ 7500,nan
The Rani Hotel & Spa Kutta,Kuta,3.0,Review Score,₹ 1000 - ₹ 2500,2 km from City Center
Best Western Kuta Villa,Kuta,0.0,Review Score,₹ 5000 - ₹ 7500,2 km from City Center
